student,gender,race,frl,ell,practice_hours,video_hours,math17,math18
43768976,Male,Black or African American,FRL,Non-ELL,5.966146739123692,2.8903717578961645,1010,1077
15000936,Male,White,Non-FRL,Non-ELL,6.927003380044379,5.5254529391317835,1093,1058
62077080,Male,Black or African American,Non-FRL,Non-ELL,6.846943139585379,3.9889840465642745,1070,1039
92147,Female,White,Non-FRL,Non-ELL,7.042721465049811,2.6390573296152584,1141,1056
81715600,Male,His/Lat,FRL,Non-ELL,6.184148890937483,3.5553480614894135,1037,992
25350305,Female,White,FRL,Non-ELL,5.515060031231264,5.352732767603879,1064,969
18714120,Female,Black or African American,Non-FRL,Non-ELL,5.210825530423078,5.793552550001683,970,969
70039501,Female,White,Non-FRL,Non-ELL,7.333023014386481,4.110873864173311,970,1075
41176,Male,Black or African American,Non-FRL,Non-ELL,7.2399325913204695,4.330733340286331,1086,1158
58510552,Male,White,Non-FRL,Non-ELL,7.6708948313621175,2.0794415416798357,1289,1225
62683446,Male,His/Lat,FRL,Non-ELL,7.226936018493289,6.272877006546167,1023,965
77828068,Female,Black or African American,Non-FRL,Non-ELL,6.358090238639907,5.405733022820451,956,958
51349271,Male,White,FRL,Non-ELL,6.503658804487922,7.342116861923756,1130,1189
76747060,Female,His/Lat,Non-FRL,Non-ELL,6.245137303457015,3.258096538021482,1037,993
42696114,Male,His/Lat,Non-FRL,ELL,6.3080984415095305,4.330733340286331,931,939
98374625,Female,His/Lat,Non-FRL,Non-ELL,5.5712279532968525,5.568712294984198,956,886
13733068,Male,Black or African American,Non-FRL,Non-ELL,7.13189833062943,4.95845548400536,1192,1158
17198073,Male,White,FRL,Non-ELL,5.030498180737418,5.793552550001683,974,995
31313526,Female,His/Lat,Non-FRL,ELL,7.691656822810547,2.3978952727983707,916,890
99091,Male,White,Non-FRL,Non-ELL,7.041729742647458,3.091042453358316,1289,1145
5383225,Female,White,FRL,Non-ELL,7.383938017513257,3.4965075614664802,1132,1105
51609787,Female,Asian,Non-FRL,ELL,7.026839984208434,2.6390573296152584,1011,1012
13752935,Female,His/Lat,Non-FRL,Non-ELL,7.360103972989152,4.406719247264253,1008,1141
75819406,Female,His/Lat,FRL,Non-ELL,5.873525249243295,3.5263605246161616,861,825
45640881,Male,His/Lat,FRL,Non-ELL,7.280008252884188,5.749392985908253,948,974
19728517,Female,White,Non-FRL,Non-ELL,5.672463791398774,2.995732273553991,1112,992
38737,Male,White,FRL,ELL,7.169473550934583,5.808142489980444,1004,1005
38919,Male,White,Non-FRL,Non-ELL,7.2875606403097235,3.784189633918261,1025,1097
59517,Male,His/Lat,FRL,Non-ELL,7.178520613808549,3.4965075614664802,1143,1076
9508165,Male,White,Non-FRL,Non-ELL,5.017279836814924,3.6109179126442243,1001,881
23288552,Female,White,Non-FRL,Non-ELL,7.2300071761786064,4.948759890378168,1102,1005
48945,Male,Black or African American,Non-FRL,Non-ELL,7.175489713624222,2.8903717578961645,1178,1145
7712502,Female,White,Non-FRL,Non-ELL,6.174807956636995,3.9636232095622694,1086,1025
33432179,Male,His/Lat,FRL,Non-ELL,5.000709382223815,5.523818892687982,855,788
4633,Female,White,Non-FRL,Non-ELL,7.334717234068044,4.143134726391533,964,1047
2339575,Female,White,Non-FRL,Non-ELL,4.018292159171353,6.15981005027667,995,976
7431423,Female,White,FRL,ELL,6.236369590203704,2.1972245773362196,943,981
52323941,Male,White,Non-FRL,Non-ELL,6.225458607117788,4.069185032273012,922,910
33353053,Male,His/Lat,FRL,ELL,4.939716736075876,5.463191027346829,829,929
57780,Female,White,FRL,Non-ELL,7.105247919657395,3.044522437723423,1207,1131
33020824,Female,White,FRL,Non-ELL,6.2166061010848646,4.124547806585205,1051,916
88302665,Female,White,Non-FRL,Non-ELL,5.66815529701305,2.0794415416798357,936,938
39880,Female,Black or African American,Non-FRL,Non-ELL,7.063903961472068,4.143134726391533,1164,1019
73464197,Female,White,Non-FRL,Non-ELL,6.139284430259861,3.6109179126442243,1240,1201
48168582,Female,White,FRL,Non-ELL,6.3473892096560105,3.295836866004329,968,992
44089399,Female,Black or African American,FRL,Non-ELL,6.024318796475046,4.143134726391533,1207,1131
23381081,Female,His/Lat,Non-FRL,ELL,6.680540953297446,3.58351893845611,1017,1005
479,Male,His/Lat,Non-FRL,Non-ELL,7.305188215393037,4.969813299576001,1150,1108
2188854,Female,White,Non-FRL,Non-ELL,5.493061443340548,5.100891225450653,1122,1039
92395746,Female,His/Lat,FRL,ELL,6.662174382548992,3.044522437723423,1207,1075
55125766,Female,His/Lat,Non-FRL,ELL,6.912494033329311,6.70073110954781,1047,1097
17710425,Female,Black or African American,Non-FRL,Non-ELL,6.070311291944855,3.872884340743075,848,891
58276293,Male,His/Lat,Non-FRL,Non-ELL,6.0573693219957,2.6390573296152584,981,992
91145428,Female,White,FRL,Non-ELL,6.6293632534374485,4.204692619390966,964,1010
61596053,Male,White,FRL,Non-ELL,4.241488095450801,5.829533907289719,969,992
6414989,Female,White,FRL,Non-ELL,6.444716701240191,6.5743492304532225,908,881
5637,Female,Black or African American,FRL,Non-ELL,7.192884650654073,4.672828834461906,1178,1173
24063831,Female,White,FRL,Non-ELL,4.749270529961848,2.5649493574615367,904,901
63812,Female,White,Non-FRL,ELL,7.105247919657395,3.044522437723423,1023,1056
66485406,Female,His/Lat,FRL,ELL,5.080904786992281,6.352398099055921,876,910
89526,Female,His/Lat,Non-FRL,ELL,7.094721082847539,3.8501476017100584,1060,1132
29174591,Female,Asian,FRL,ELL,6.1494933147763176,4.635947037975997,1070,1037
22311514,Male,Black or African American,FRL,Non-ELL,6.017375928892483,2.772588722239781,1052,1092
59140,Male,Black or African American,Non-FRL,Non-ELL,7.157213532129203,2.6390573296152584,1207,1144
59595480,Male,White,Non-FRL,Non-ELL,5.916202062607435,2.6390573296152584,1166,1046
4681338,Male,White,Non-FRL,Non-ELL,7.437206366871292,3.6635616461296463,1132,1132
12791,Female,His/Lat,FRL,ELL,7.1276936993473985,4.204692619390966,1001,1025
41278226,Female,White,Non-FRL,Non-ELL,5.905361848054571,3.2188758248682006,1062,1028
75807167,Female,His/Lat,FRL,ELL,4.907124917726591,2.5649493574615367,984,938
75480253,Female,White,Non-FRL,Non-ELL,6.1092475827643655,2.1972245773362196,991,955
50544035,Male,Black or African American,Non-FRL,Non-ELL,7.791204661423294,3.9889840465642745,1045,1158
7993172,Female,Black or African American,Non-FRL,Non-ELL,6.406879986069314,3.5263605246161616,938,1002
75480253,Female,His/Lat,Non-FRL,Non-ELL,6.5940714039913555,2.0794415416798357,951,890
51561308,Female,White,Non-FRL,Non-ELL,4.748814108880246,5.7361987546741915,1023,924
6382673,Female,White,FRL,Non-ELL,5.781278354077667,6.505784060128229,878,846
23288552,Male,His/Lat,Non-FRL,Non-ELL,7.540973750473425,3.784189633918261,1131,1119
86650598,Male,Black or African American,Non-FRL,Non-ELL,7.186361935183023,4.969813299576001,1190,1056
38818357,Male,White,Non-FRL,Non-ELL,6.968039060088007,3.2188758248682006,502,741
38715295,Male,His/Lat,FRL,Non-ELL,6.211101959092904,2.3978952727983707,1088,1019
54335536,Male,Black or African American,Non-FRL,Non-ELL,6.3035343076165935,2.70805020110221,961,974
6155992,Male,White,Non-FRL,Non-ELL,6.511745329644728,2.0794415416798357,1242,1282
99812050,Female,Black or African American,FRL,Non-ELL,5.322517424633294,5.760965094950377,894,836
95211,Male,White,Non-FRL,Non-ELL,7.126087273299125,2.0794415416798357,1037,1097
69602105,Female,His/Lat,FRL,ELL,5.904680417023091,3.1354942159291497,780,876
64891187,Female,White,FRL,Non-ELL,5.4712197014254995,3.5263605246161616,875,869
60091349,Female,His/Lat,FRL,Non-ELL,6.008391232839812,4.124547806585205,1003,934
90275,Female,His/Lat,Non-FRL,ELL,7.170182980322954,2.6390573296152584,1122,1173
71778683,Female,Black or African American,FRL,Non-ELL,6.04381977744191,2.8720016047589714,950,866
33986901,Male,His/Lat,FRL,ELL,6.3080984415095305,5.19721239085301,954,919
756836,Female,Black or African American,Non-FRL,Non-ELL,4.527942891186295,5.826710120873082,1045,995
82515,Male,His/Lat,FRL,Non-ELL,7.395948412220641,3.5263605246161616,1047,1047
8282,Male,His/Lat,Non-FRL,Non-ELL,7.361137422365289,2.9444389791664403,1192,1075
85993416,Male,White,Non-FRL,Non-ELL,7.195355699681825,2.302585092994046,1260,1282
42519,Female,White,Non-FRL,Non-ELL,7.085730687661051,3.912023005428146,1088,1097
67010575,Male,White,Non-FRL,Non-ELL,5.075630409354503,6.880308979941336,1159,1109
59125,Male,White,FRL,Non-ELL,7.306732819370597,2.6390573296152584,1223,1251
77828,Male,Black or African American,Non-FRL,ELL,7.224505428024656,3.58351893845611,1143,1108
53547574,Male,White,FRL,Non-ELL,6.901737206656574,4.77912349311153,998,976
1587325,Male,Black or African American,Non-FRL,Non-ELL,5.067330637772801,5.678954393618542,1039,1012
56095324,Male,Asian,FRL,Non-ELL,5.509611561661351,5.2893008130863555,981,915
53602983,Male,White,Non-FRL,Non-ELL,7.5739972192535205,4.04305126783455,1159,1132
19382782,Male,His/Lat,FRL,Non-ELL,5.205151083010128,6.740763617788919,840,860
10817716,Male,His/Lat,FRL,Non-ELL,6.587550014824796,4.476016670543696,864,860
50813744,Female,Black or African American,Non-FRL,Non-ELL,6.2964692186094195,2.0794415416798357,1045,992
98688468,Female,White,Non-FRL,Non-ELL,4.872204482072908,5.572833257746063,1065,981
39562,Male,White,Non-FRL,Non-ELL,6.580975839802624,6.70073110954781,1060,1001
83460989,Female,White,FRL,Non-ELL,7.031495649396229,5.0689042022202315,1223,1166
58541752,Male,White,Non-FRL,Non-ELL,5.013390458133803,5.45592553130573,869,958
67457,Male,His/Lat,Non-FRL,Non-ELL,7.333593548818837,3.4339872044851463,1122,1056
35008763,Male,White,Non-FRL,Non-ELL,5.723585101952381,2.0794415416798357,998,938
19381,Male,Black or African American,Non-FRL,Non-ELL,7.17052214570854,2.0794415416798357,1076,1001
46450931,Male,White,Non-FRL,Non-ELL,7.0916434980204714,5.0689042022202315,1315,1158
61596053,Male,White,FRL,Non-ELL,6.7580945044277305,4.844187086458591,1023,913
84064,Female,White,Non-FRL,Non-ELL,7.3020829748926674,4.948759890378168,1093,1097
1584895,Male,His/Lat,Non-FRL,Non-ELL,5.815699467424949,5.905745376099621,1049,974
77864056,Female,White,Non-FRL,Non-ELL,5.981414211254481,5.410715846734629,949,910
75040748,Female,His/Lat,FRL,Non-ELL,5.905361848054571,4.442651256490317,1166,1119
37467004,Female,His/Lat,FRL,Non-ELL,6.485016842203516,2.0794415416798357,855,856
78804718,Male,White,Non-FRL,Non-ELL,5.962936463493444,2.9444389791664403,1141,1097
93319,Male,White,Non-FRL,Non-ELL,7.055817635424204,2.1972245773362196,1103,1056
93001326,Female,White,FRL,Non-ELL,6.9241206330684015,3.8918202981106265,1068,976
74877775,Male,Black or African American,Non-FRL,Non-ELL,6.0573693219957,2.3978952727983707,981,977
67961259,Female,Black or African American,FRL,Non-ELL,7.437206366871292,4.189654742026425,981,976
43236773,Female,White,Non-FRL,Non-ELL,6.650279048587422,4.276666119016055,1121,1047
17434,Female,Asian,Non-FRL,Non-ELL,6.917953103958583,4.276666119016055,1102,1108
33188690,Male,His/Lat,FRL,ELL,5.663262070691323,6.71888595259132,1051,986
92644,Male,White,Non-FRL,Non-ELL,7.016290114611233,4.727387818712341,1141,1039
60168920,Male,Black or African American,FRL,Non-ELL,4.418043108055272,4.418919650016279,1169,1030
66367546,Male,Asian,Non-FRL,Non-ELL,4.000323981783201,6.159984508641216,962,968
42740,Female,His/Lat,Non-FRL,ELL,6.959398512133975,3.258096538021482,1049,1037
69142802,Female,Black or African American,Non-FRL,Non-ELL,5.83226061926983,6.165254960357436,922,860
83779,Female,His/Lat,FRL,ELL,7.197540928046556,2.302585092994046,1085,1076
41499806,Female,His/Lat,FRL,Non-ELL,7.119635638017636,5.3981627015177525,838,834
8282,Male,His/Lat,Non-FRL,Non-ELL,7.13189833062943,4.7535901911063645,988,1066
43131,Female,His/Lat,FRL,Non-ELL,7.319366699900513,2.70805020110221,1062,1105
40337947,Male,White,FRL,Non-ELL,6.406879986069314,3.4339872044851463,886,807
21663527,Male,White,Non-FRL,Non-ELL,6.106756851098093,4.943483555393988,975,974
98526185,Female,White,FRL,Non-ELL,5.358548710874931,5.109509089299422,974,993
27543068,Male,His/Lat,FRL,ELL,5.924317177995571,7.230259410701264,823,826
56956075,Female,Black or African American,FRL,Non-ELL,6.103117722388829,3.258096538021482,1015,1066
79499224,Male,His/Lat,FRL,Non-ELL,6.782932816735829,6.054439346269371,1037,1153
1402,Male,White,Non-FRL,Non-ELL,7.206321506140509,2.6390573296152584,1148,1047
18625,Male,Black or African American,Non-FRL,ELL,7.016290114611233,4.990432586778736,1085,1108
17238504,Male,His/Lat,Non-FRL,Non-ELL,7.195937226475569,3.970291913552122,1047,1010
31684620,Female,His/Lat,Non-FRL,Non-ELL,6.044412721426077,2.6390573296152584,988,1057
81751046,Male,His/Lat,Non-FRL,Non-ELL,6.506157682400462,6.52795791762255,801,876
32742985,Male,White,Non-FRL,Non-ELL,6.220590170099739,3.867706987534615,929,967
14671771,Male,White,Non-FRL,ELL,4.194032220148588,6.165254960357436,855,843
99117833,Male,Asian,FRL,Non-ELL,4.68213122712422,3.6888794541139363,1131,1108
10212600,Female,White,Non-FRL,Non-ELL,6.416732282512326,3.367295829986474,1076,1180
76323657,Female,White,FRL,Non-ELL,6.918695219020472,5.0689042022202315,1264,1323
48422,Male,White,Non-FRL,Non-ELL,7.100454573961993,4.990432586778736,1086,1046
23359495,Female,His/Lat,Non-FRL,Non-ELL,6.927003380044379,5.193323046127316,1260,1086
54165120,Male,White,Non-FRL,Non-ELL,4.714359852633999,6.260134951433323,1223,1109
88103371,Female,White,Non-FRL,Non-ELL,6.202535517187923,2.70805020110221,1095,1028
11159,Male,White,Non-FRL,Non-ELL,7.220759191812162,3.7376696182833684,1068,1028
9881606,Male,Black or African American,FRL,Non-ELL,4.966056680831695,5.3881120836268614,916,960
96450958,Male,White,Non-FRL,Non-ELL,5.839914648980781,2.70805020110221,1222,1182
67010575,Female,White,FRL,Non-ELL,5.233219552227269,5.109509089299422,935,942
13241,Female,His/Lat,Non-FRL,Non-ELL,7.348107639328254,3.332204510175204,1141,1119
58541752,Male,His/Lat,Non-FRL,Non-ELL,4.787323388456231,5.760965094950377,950,969
55055094,Female,His/Lat,FRL,Non-ELL,6.184148890937483,3.044522437723423,811,915
71329963,Male,His/Lat,FRL,Non-ELL,5.683081645360516,4.947505309707398,950,969
91828,Male,White,Non-FRL,Non-ELL,7.085730687661051,2.6390573296152584,1143,1056
37714475,Male,White,Non-FRL,Non-ELL,6.060210727332639,4.671502907736213,1130,1120
85250578,Female,Black or African American,FRL,Non-ELL,4.152081173377709,6.419638070027598,1093,1030
23572660,Male,His/Lat,FRL,ELL,5.615233859209314,6.635282824140543,823,802
44029702,Female,White,FRL,Non-ELL,5.14224982815951,5.417953830761162,925,920
17782717,Male,White,Non-FRL,Non-ELL,7.355001921105257,3.9889840465642745,1102,1046
41936254,Female,White,Non-FRL,Non-ELL,5.418320158942733,3.2188758248682006,820,858
60902,Male,Asian,FRL,ELL,7.152206621628696,2.6390573296152584,1131,1145
78886751,Female,White,Non-FRL,Non-ELL,6.42648845745769,3.7612001156935624,964,906
51408,Female,Black or African American,FRL,Non-ELL,7.238077804006489,4.330733340286331,1085,1133
95390,Male,His/Lat,Non-FRL,Non-ELL,7.14009913500247,3.091042453358316,1289,1207
8378006,Female,His/Lat,FRL,ELL,4.81014976667463,2.6390573296152584,838,834
30162613,Female,White,Non-FRL,Non-ELL,7.691656822810547,5.883322388488279,1121,1189
24553893,Male,White,Non-FRL,Non-ELL,5.9750307089932875,3.258096538021482,1004,910
23381081,Male,His/Lat,Non-FRL,Non-ELL,5.937536205082426,3.8501476017100584,974,916
58205,Female,Black or African American,Non-FRL,Non-ELL,6.963342645473058,4.77912349311153,991,1019
61158441,Female,His/Lat,FRL,Non-ELL,5.9888965769791875,4.469074024704627,908,934
52118955,Male,White,FRL,Non-ELL,5.1444229789778335,4.93143143063507,799,805
64823431,Male,His/Lat,FRL,Non-ELL,5.800606659291741,2.1972245773362196,853,802
40503030,Female,White,FRL,Non-ELL,6.946013991099227,6.505784060128229,103,825
22431,Female,White,Non-FRL,Non-ELL,6.947807128700093,3.6635616461296463,1121,1108
85985543,Female,White,Non-FRL,Non-ELL,5.73974980867428,5.589833308751089,1164,1039
20060,Male,White,Non-FRL,Non-ELL,7.246546278628375,3.9318256327243257,1079,1010
53045057,Male,White,Non-FRL,Non-ELL,6.940222469119639,7.643961949002529,1223,1132
22311514,Male,Asian,FRL,ELL,6.917953103958583,3.9889840465642745,1004,1014
11476,Male,His/Lat,Non-FRL,Non-ELL,7.028307297543975,5.529429087511423,1169,1189
35093637,Female,His/Lat,Non-FRL,Non-ELL,6.304448802421981,2.3978952727983707,1011,974
83082684,Male,White,Non-FRL,Non-ELL,6.963126791823544,3.8066624897703196,1073,1119
12178763,Female,His/Lat,Non-FRL,Non-ELL,7.005899589963791,2.833213344056216,935,881
58510552,Male,White,Non-FRL,Non-ELL,5.013390458133803,5.572833257746063,1428,1148
91600,Male,White,Non-FRL,Non-ELL,6.959398512133975,3.044522437723423,1112,956
94657180,Female,His/Lat,Non-FRL,ELL,7.11775514260535,2.3978952727983707,1178,1166
67175654,Female,Black or African American,Non-FRL,Non-ELL,4.411696543288453,5.951923826351477,872,958
75819406,Female,His/Lat,FRL,Non-ELL,5.8964668184857025,4.127134385045092,929,866
99117833,Female,Black or African American,FRL,Non-ELL,6.659293919683638,3.8066624897703196,1095,1120
62683446,Female,His/Lat,FRL,Non-ELL,6.1463292576688975,3.7376696182833684,902,938
27985725,Female,His/Lat,Non-FRL,ELL,7.660894128241433,3.5263605246161616,1112,1145
43768976,Female,His/Lat,FRL,Non-ELL,7.028307297543975,5.3981627015177525,103,845
43421648,Female,His/Lat,Non-FRL,ELL,6.416732282512326,2.1972245773362196,896,860
23295069,Female,His/Lat,FRL,ELL,6.7580945044277305,4.189654742026425,1032,993
7712502,Male,Asian,FRL,Non-ELL,6.220590170099739,4.110873864173311,838,789
64361967,Male,Asian,Non-FRL,Non-ELL,6.571233041110882,3.1780538303479458,1047,959
78598098,Female,White,Non-FRL,Non-ELL,7.144407180321139,2.9444389791664403,1148,1047
23359495,Female,His/Lat,Non-FRL,Non-ELL,6.7690677592082436,4.189654742026425,889,912
69142802,Male,White,Non-FRL,Non-ELL,6.782932816735829,5.175720112274132,956,929
11159,Male,His/Lat,FRL,Non-ELL,7.30021904571726,3.8918202981106265,1001,1025
23859456,Male,White,Non-FRL,Non-ELL,7.688284142859441,4.454347296253507,1131,1132
22880217,Female,Asian,FRL,ELL,6.79794041297493,4.143134726391533,1129,1108
99904263,Male,Black or African American,Non-FRL,ELL,5.755742213586912,2.4849066497880004,942,843
23635228,Male,Asian,FRL,ELL,4.380934481311998,6.092471540810859,1111,1108
93001326,Male,White,Non-FRL,Non-ELL,4.955827057601261,3.6109179126442243,1141,1047
94813777,Female,His/Lat,FRL,Non-ELL,6.257667587882639,3.5399290744469685,872,860
39882787,Female,His/Lat,Non-FRL,Non-ELL,6.949856455000773,3.258096538021482,1093,1037
26799076,Male,His/Lat,FRL,ELL,6.543911845564792,3.1511614352782,1129,1067
67442,Female,White,Non-FRL,Non-ELL,7.3171385451113835,2.1972245773362196,1011,1028
31678254,Male,Black or African American,Non-FRL,Non-ELL,6.086206383617667,2.1972245773362196,971,929
23477,Male,Black or African American,Non-FRL,Non-ELL,7.042721465049811,2.6390573296152584,1037,1037
10253945,Female,Black or African American,Non-FRL,Non-ELL,7.1693920081609654,2.4849066497880004,902,947
67895523,Male,His/Lat,FRL,Non-ELL,6.588926477533519,2.5649493574615367,935,846
23156469,Female,His/Lat,Non-FRL,Non-ELL,7.691656822810547,3.1354942159291497,1164,1173
61631103,Male,His/Lat,FRL,Non-ELL,6.56244409369372,4.897839799950911,1192,1087
63890,Male,Black or African American,Non-FRL,Non-ELL,6.955592608396297,3.58351893845611,1004,1046
58442366,Male,White,Non-FRL,Non-ELL,6.347021063609969,6.65322768359797,1428,1148
52323941,Female,White,Non-FRL,Non-ELL,6.5722825426940075,3.8066624897703196,1120,1010
39562,Male,White,Non-FRL,Non-ELL,7.058353543129125,4.990432586778736,1044,1056
78174379,Male,White,Non-FRL,Non-ELL,6.3910792415379705,2.70805020110221,1004,845
70468954,Female,White,Non-FRL,Non-ELL,6.803505257608338,3.58351893845611,970,985
96233113,Male,White,Non-FRL,Non-ELL,5.924317177995571,7.18638531858849,1306,1163
26799076,Female,White,Non-FRL,Non-ELL,6.208813974010359,7.465160080937693,975,1108
44029702,Female,White,Non-FRL,Non-ELL,5.753550810226565,5.100891225450653,1112,1021
87958546,Female,White,FRL,Non-ELL,6.947807128700093,3.367295829986474,1068,1036
72987,Female,White,Non-FRL,Non-ELL,6.974332555782427,4.990432586778736,1047,1096
23891389,Male,Black or African American,Non-FRL,Non-ELL,7.518064181233078,5.501258210544727,1131,1119
2344522,Female,His/Lat,Non-FRL,Non-ELL,6.02707297457535,4.543601894696135,1086,983
78806154,Female,White,Non-FRL,Non-ELL,6.473890696352274,2.995732273553991,1018,1002
56573301,Male,White,FRL,Non-ELL,5.945420608606575,3.404517346287438,1015,951
87151336,Male,White,FRL,Non-ELL,4.689119957372349,6.880308979941336,1194,1075
64584389,Male,His/Lat,FRL,ELL,5.5616427074950785,3.367295829986474,820,867
18977,Female,White,Non-FRL,Non-ELL,7.304515946460155,3.7612001156935624,1289,1163
34560994,Female,His/Lat,FRL,ELL,6.178063713483881,6.71888595259132,921,890
12472,Male,His/Lat,FRL,ELL,7.373232845306921,2.995732273553991,1004,1001
79502336,Male,Black or African American,Non-FRL,Non-ELL,6.612041034833092,2.5649493574615367,908,900
58204725,Male,His/Lat,FRL,Non-ELL,6.0014148779611505,2.8720016047589714,981,860
22759575,Male,Black or African American,Non-FRL,ELL,4.636481910311059,6.0591925729386755,1065,995
31760361,Male,White,Non-FRL,Non-ELL,6.52339124243616,6.439728416496804,1161,1189
28774489,Male,White,FRL,Non-ELL,6.180000833111808,3.258096538021482,1032,959
7431423,Male,Black or African American,Non-FRL,Non-ELL,6.725933597229833,4.276666119016055,970,1092
5754168,Male,His/Lat,FRL,Non-ELL,5.165558272775112,5.742299184543779,1008,942
71796853,Female,His/Lat,FRL,ELL,6.401917196727186,5.090071995035036,935,912
86403240,Male,White,Non-FRL,Non-ELL,5.084633866552763,6.477103093103028,949,858
99812050,Female,Black or African American,FRL,Non-ELL,5.5093883366279774,3.58351893845611,950,878
25027792,Female,His/Lat,FRL,ELL,6.394426524998027,6.343290982289718,988,974
30162613,Female,Black or African American,Non-FRL,ELL,5.763660480390984,6.1702726472194875,995,906
38840154,Male,Black or African American,FRL,Non-ELL,5.66492212819358,5.594689904851375,1001,965
27303213,Female,His/Lat,FRL,ELL,6.066246567424251,3.6968245358871403,901,938
29401805,Female,His/Lat,FRL,ELL,6.376726947898627,3.7756377978789666,1039,969
757,Male,His/Lat,Non-FRL,Non-ELL,7.100454573961993,4.7535901911063645,1015,1046
64620108,Male,White,FRL,Non-ELL,6.207572482190987,3.5553480614894135,1023,881
17434142,Male,His/Lat,Non-FRL,Non-ELL,5.389071729816501,2.3978952727983707,976,924
42950675,Female,Black or African American,FRL,Non-ELL,5.905361848054571,4.469074024704627,886,886
15443799,Male,Black or African American,Non-FRL,Non-ELL,6.48768401848461,2.1972245773362196,896,900
84498981,Male,His/Lat,FRL,Non-ELL,7.119635638017636,6.312479154565359,1194,1066
71600,Male,Asian,Non-FRL,Non-ELL,7.256068970784652,2.3978952727983707,1207,1048
60518146,Male,His/Lat,FRL,ELL,6.184148890937483,3.4339872044851463,1086,1030
52253,Male,Black or African American,Non-FRL,Non-ELL,7.049258643059346,3.4011973816621555,1152,1066
29202154,Female,White,Non-FRL,Non-ELL,6.739336627357174,4.110873864173311,1242,1324
81750033,Female,His/Lat,FRL,Non-ELL,6.526409859500402,5.225746673713202,981,992
99250698,Male,His/Lat,Non-FRL,Non-ELL,6.620406484320476,2.8903717578961645,1076,1001
34963821,Female,Black or African American,Non-FRL,Non-ELL,6.411818267709897,3.871201010907891,1143,1096
13141,Female,Black or African American,Non-FRL,Non-ELL,7.085901464365611,4.143134726391533,1131,1096
68648125,Male,Black or African American,Non-FRL,Non-ELL,7.6278171347833155,4.532599493153256,1141,1076
3902594,Male,His/Lat,FRL,Non-ELL,6.402235754194167,5.090071995035036,803,891
96025371,Female,White,FRL,Non-ELL,5.079296711372059,5.225057083495983,1025,951
48486863,Female,Black or African American,FRL,Non-ELL,7.006208921587933,3.8066624897703196,1093,1019
81151586,Male,His/Lat,FRL,Non-ELL,5.304099670466751,5.377575654275966,894,938
24048388,Male,Asian,Non-FRL,Non-ELL,4.773573536197129,6.07344459586501,1056,1076
12990,Male,His/Lat,Non-FRL,Non-ELL,7.328601489128603,3.9889840465642745,1104,1028
38617,Male,Asian,FRL,Non-ELL,7.190238036492228,3.6635616461296463,1143,1145
76585995,Female,His/Lat,FRL,Non-ELL,5.819809870388887,4.803405156686041,970,896
45559621,Male,White,FRL,Non-ELL,5.839914648980781,3.295836866004329,1093,1047
39870308,Female,Black or African American,FRL,Non-ELL,7.280008252884188,5.700443573390687,1121,1224
67013464,Female,His/Lat,Non-FRL,ELL,6.528968839420728,5.693350942543409,1010,888
23156469,Male,His/Lat,Non-FRL,Non-ELL,5.9222484364192995,3.8501476017100584,974,924
82215,Female,His/Lat,Non-FRL,Non-ELL,7.175074136523373,3.5263605246161616,1037,1019
89526,Male,His/Lat,FRL,Non-ELL,7.046219181916858,3.4339872044851463,1093,1086
31455376,Female,White,Non-FRL,Non-ELL,6.079360949014166,3.713572066704308,995,915
12408572,Female,His/Lat,Non-FRL,Non-ELL,6.860663671448287,3.044522437723423,1062,1037
3011921,Male,White,Non-FRL,Non-ELL,7.6290038896529575,6.52649485957079,1052,1001
30999,Male,His/Lat,Non-FRL,Non-ELL,6.7857155393298125,6.054439346269371,1030,1037
81795762,Male,His/Lat,FRL,Non-ELL,6.765903654741896,3.4965075614664802,820,876
63789322,Female,His/Lat,FRL,Non-ELL,6.638567789166521,2.0794415416798357,837,869
91422658,Male,His/Lat,FRL,Non-ELL,6.742880635791903,3.4965075614664802,1103,1076
11222357,Male,Black or African American,Non-FRL,Non-ELL,6.295266001439646,3.867706987534615,1079,974
10907494,Male,His/Lat,Non-FRL,Non-ELL,6.940222469119639,6.70073110954781,902,849
10907494,Male,Black or African American,Non-FRL,Non-ELL,5.540282672102834,4.543294782270004,889,846
56035621,Male,Asian,Non-FRL,Non-ELL,5.783769002524328,4.741969720020774,1002,1107
29849071,Male,Asian,FRL,ELL,6.52339124243616,6.400227076036153,942,881
38157059,Male,Black or African American,Non-FRL,Non-ELL,6.323324564721523,6.5881189009411365,1131,1083
28604174,Male,Black or African American,Non-FRL,Non-ELL,6.218600119691729,2.772588722239781,1004,1066
30352475,Female,His/Lat,FRL,ELL,6.211101959092904,2.70805020110221,901,834
56348,Female,His/Lat,Non-FRL,Non-ELL,7.059930979021161,2.70805020110221,1085,1039
18176780,Female,Black or African American,Non-FRL,Non-ELL,6.280395838960195,2.1972245773362196,974,919
59140,Male,Black or African American,Non-FRL,Non-ELL,7.091675331129396,2.302585092994046,1166,1075
68480,Male,His/Lat,Non-FRL,Non-ELL,7.170182980322954,2.70805020110221,1264,1189
2283143,Female,His/Lat,Non-FRL,Non-ELL,6.7580945044277305,4.990897726011588,1140,1105
61121192,Female,His/Lat,Non-FRL,Non-ELL,7.716572152551059,2.302585092994046,1264,1158
73871247,Female,White,FRL,Non-ELL,6.1635296164269375,6.371611847231857,902,948
2282,Male,His/Lat,FRL,ELL,7.006208921587933,3.8918202981106265,1032,1005
86998008,Male,White,FRL,Non-ELL,7.016290114611233,4.330733340286331,1085,1019
91820,Female,White,Non-FRL,Non-ELL,5.912418675474389,6.342121418721152,1025,1001
64891187,Male,His/Lat,Non-FRL,Non-ELL,6.5722825426940075,3.7612001156935624,889,910
26377842,Female,His/Lat,Non-FRL,Non-ELL,6.425900608891296,3.7376696182833684,1103,1173
17766423,Male,Black or African American,Non-FRL,Non-ELL,6.4381515697577285,5.529429087511423,1060,821
61550152,Female,His/Lat,FRL,Non-ELL,4.347895146940769,5.640028369785401,915,969
39089434,Male,His/Lat,FRL,Non-ELL,6.53451531816871,4.476016670543696,987,919
97462986,Male,Asian,Non-FRL,Non-ELL,6.567023985440541,5.10594547390058,1122,1145
46107186,Male,Black or African American,Non-FRL,Non-ELL,6.219062902285396,5.135348815071673,976,896
61550152,Female,His/Lat,Non-FRL,Non-ELL,5.57806345310361,6.234410725718371,902,983
52495,Male,Black or African American,FRL,Non-ELL,7.327061228122407,2.833213344056216,1264,1282
3956877,Female,White,FRL,Non-ELL,6.126869184114185,3.6109179126442243,990,1066
74787,Female,White,Non-FRL,Non-ELL,7.133881401551458,3.9889840465642745,1122,1108
86758,Male,His/Lat,FRL,Non-ELL,7.08590966186137,3.2188758248682006,1141,1132
43806934,Female,His/Lat,Non-FRL,Non-ELL,6.129050210060545,3.8238117755608974,901,860
43729565,Male,Black or African American,Non-FRL,Non-ELL,5.8413681376087645,3.8918202981106265,1112,1158
12233374,Male,His/Lat,Non-FRL,Non-ELL,6.957669731920908,4.90527477843843,1192,1145
6702577,Female,His/Lat,FRL,ELL,4.997148035760043,5.6195679131787815,872,934
2649157,Female,Black or African American,Non-FRL,Non-ELL,5.607164218299923,4.584967478670572,1260,1086
2575453,Female,His/Lat,Non-FRL,Non-ELL,6.559615237493242,2.0794415416798357,1062,1048
9883122,Female,His/Lat,FRL,ELL,7.156847018339585,4.990897726011588,872,855
76190855,Female,White,Non-FRL,Non-ELL,6.29156913955832,5.15526524673181,956,939
82237892,Female,White,Non-FRL,Non-ELL,4.097924439324087,6.218244815448579,1060,972
86117979,Female,Asian,Non-FRL,Non-ELL,6.91844790852088,5.480638923341991,1141,1189
34964,Female,Black or African American,Non-FRL,ELL,7.065613363597717,4.890349128221754,1079,1056
25399193,Male,Black or African American,Non-FRL,Non-ELL,8.13739583005665,2.70805020110221,1164,1251
59718005,Male,Black or African American,Non-FRL,Non-ELL,6.025224493041901,4.941642422609304,955,814
43445501,Female,Asian,Non-FRL,Non-ELL,7.360182322150778,3.1780538303479458,958,924
68720166,Female,His/Lat,FRL,ELL,7.648032222234321,3.871201010907891,948,910
99904263,Male,Black or African American,FRL,Non-ELL,6.342121418721152,2.3978952727983707,1095,1012
75840554,Male,White,FRL,Non-ELL,5.817120756186666,5.45730554352027,1112,1039
30056914,Male,White,FRL,Non-ELL,6.9074972112997965,4.941642422609304,1129,1108
45805446,Female,Black or African American,Non-FRL,Non-ELL,6.852242569051878,2.6390573296152584,1120,1182
30057,Female,Black or African American,Non-FRL,Non-ELL,7.208912166901899,4.890349128221754,1037,1046
94345,Male,White,FRL,Non-ELL,7.195355699681825,2.302585092994046,1103,1119
27579013,Male,His/Lat,FRL,ELL,6.473890696352274,2.9444389791664403,1001,1040
33217,Female,His/Lat,FRL,ELL,7.374304448609286,2.70805020110221,1079,1001
80550820,Female,White,Non-FRL,Non-ELL,6.561030665896573,2.995732273553991,1122,1120
22832,Male,White,Non-FRL,ELL,7.019642573471867,3.58351893845611,1060,1037
44475917,Female,Asian,Non-FRL,Non-ELL,5.210825530423078,5.800155570607722,982,919
94505621,Male,His/Lat,Non-FRL,Non-ELL,5.622845109663115,4.755659924615204,1178,1066
51561308,Female,White,Non-FRL,Non-ELL,7.492760300922379,2.302585092994046,1223,1250
6155992,Female,His/Lat,FRL,ELL,6.3035343076165935,2.5649493574615367,943,999
380107,Female,His/Lat,FRL,Non-ELL,5.201295568921755,5.844752257827264,894,955
8301697,Male,White,FRL,ELL,4.907124917726591,3.1354942159291497,829,792
48421501,Female,White,FRL,Non-ELL,6.103117722388829,2.302585092994046,998,1019
86935004,Female,His/Lat,Non-FRL,Non-ELL,6.184292372063701,3.8066624897703196,950,814
26167821,Male,Black or African American,Non-FRL,Non-ELL,4.9344739331306915,3.044522437723423,1139,1075
92821703,Female,Black or African American,Non-FRL,Non-ELL,4.8846940707384086,3.4965075614664802,896,939
15494517,Male,White,Non-FRL,Non-ELL,7.0916434980204714,5.3706380281276624,1093,1076
6155992,Male,White,Non-FRL,Non-ELL,6.212606095751519,2.6390573296152584,1062,1001
33686255,Female,Black or African American,Non-FRL,Non-ELL,6.963297796938845,4.394449154672439,911,845
56089006,Female,White,FRL,Non-ELL,5.903998521326706,3.258096538021482,1015,910
59561260,Male,His/Lat,FRL,Non-ELL,6.56244409369372,4.897839799950911,1060,1153
50177,Male,His/Lat,Non-FRL,Non-ELL,7.085730687661051,2.6390573296152584,991,1037
68059599,Female,White,Non-FRL,Non-ELL,7.273092595999522,6.272877006546167,1076,1019
57780,Male,Asian,FRL,ELL,7.052721049232323,2.4849066497880004,1076,1005
23156,Female,His/Lat,FRL,ELL,7.050147373979164,2.9444389791664403,1062,1047
46393955,Female,His/Lat,FRL,ELL,6.333723579312354,2.5649493574615367,945,845
83013,Male,Black or African American,FRL,Non-ELL,7.14009913500247,2.6390573296152584,1143,1145
50198182,Male,White,Non-FRL,Non-ELL,6.149002341324198,4.617956670764077,1120,1134
37601870,Male,His/Lat,FRL,ELL,5.310576839705748,5.276775920855883,829,910
15595,Male,White,Non-FRL,Non-ELL,7.139167679841287,2.70805020110221,1052,1001
13252228,Male,His/Lat,Non-FRL,Non-ELL,5.813383984571282,3.4011973816621555,1078,1087
99665935,Female,Black or African American,FRL,Non-ELL,4.098409861917154,4.9882974008730026,990,969
58097936,Male,Asian,Non-FRL,Non-ELL,7.648032222234321,4.912654885736052,1093,1068
54250902,Female,Black or African American,Non-FRL,Non-ELL,5.406556801977292,5.2544040411065644,1010,978
99025607,Male,His/Lat,Non-FRL,Non-ELL,6.2015228588735365,3.1354942159291497,942,929
99791630,Female,Black or African American,FRL,Non-ELL,5.8148765221617875,3.295836866004329,1121,880
82426506,Female,Black or African American,Non-FRL,Non-ELL,5.080904786992281,6.260134951433323,1071,1118
12824904,Male,His/Lat,Non-FRL,Non-ELL,6.947807128700093,3.4011973816621555,1192,1144
35861813,Female,His/Lat,FRL,ELL,6.535746870697402,4.950941050685595,1093,1046
14917441,Male,White,Non-FRL,Non-ELL,7.557081179993233,4.204692619390966,995,924
22025135,Male,Black or African American,FRL,Non-ELL,5.977294666264878,4.477336814478207,922,996
62355182,Female,His/Lat,Non-FRL,Non-ELL,6.826274037114254,3.58351893845611,889,938
99260042,Male,His/Lat,Non-FRL,Non-ELL,7.045363274807152,5.2574953720277815,1141,1097
10077985,Male,His/Lat,FRL,ELL,5.573104151014085,2.9444389791664403,846,906
30352,Female,His/Lat,Non-FRL,Non-ELL,7.257002707092073,4.672828834461906,1141,1108
14788125,Female,Black or African American,FRL,Non-ELL,5.2174845269537,5.844752257827264,916,896
61141780,Male,Black or African American,FRL,Non-ELL,7.1654743025489,5.894373295958207,1169,1059
35613180,Male,White,Non-FRL,Non-ELL,6.309918278226516,3.5263605246161616,502,834
19382782,Female,His/Lat,FRL,Non-ELL,6.441345185246532,6.343290982289718,1042,1001
4632995,Female,White,Non-FRL,Non-ELL,6.174807956636995,3.8238117755608974,901,881
28479059,Male,His/Lat,Non-FRL,Non-ELL,5.835592987420959,4.329205978907635,1164,1097
66356803,Male,White,FRL,Non-ELL,6.926577033222725,2.9444389791664403,1054,933
32716773,Female,His/Lat,FRL,ELL,6.218600119691729,2.8903717578961645,998,906
84518042,Female,White,FRL,Non-ELL,6.878449072128895,6.507277712385012,1080,1046
88060,Female,His/Lat,FRL,Non-ELL,7.360103972989152,4.2626798770413155,1095,1019
29507312,Male,His/Lat,FRL,ELL,6.206575926724928,4.635947037975997,1194,1058
54034921,Male,White,Non-FRL,Non-ELL,7.4815557019095165,5.700443573390687,1177,1158
23381081,Male,White,Non-FRL,ELL,5.615493128950076,5.25506019216264,1065,1077
86108357,Female,His/Lat,Non-FRL,Non-ELL,6.934153752836668,3.295836866004329,995,958
27824,Female,Black or African American,FRL,Non-ELL,7.280537649603086,5.10594547390058,1164,1144
67986967,Male,Native Hawaiian or Other Pacific Islander,FRL,Non-ELL,5.834810737062605,3.404517346287438,1022,983
74267193,Female,White,FRL,Non-ELL,6.450075399425233,3.8066624897703196,942,845
99364318,Female,Black or African American,FRL,Non-ELL,6.52339124243616,6.508667633687257,1131,1121
33459221,Female,Black or African American,FRL,Non-ELL,4.718498871295094,2.70805020110221,943,986
10486314,Female,His/Lat,Non-FRL,ELL,7.690743163541872,5.2574953720277815,1242,1227
67230380,Female,White,FRL,Non-ELL,6.642486801367256,2.4849066497880004,942,845
86341,Male,White,Non-FRL,Non-ELL,7.1308988302963465,4.584967478670572,1132,1096
25028,Male,His/Lat,FRL,ELL,7.225667150363847,3.258096538021482,1004,1025
10933,Male,Black or African American,FRL,ELL,7.270980155832468,3.784189633918261,1032,1087
37570091,Female,His/Lat,FRL,ELL,5.54907608489522,2.70805020110221,1051,890
62855723,Male,Black or African American,FRL,Non-ELL,5.276322957747165,4.941642422609304,897,814
56347502,Male,Black or African American,Non-FRL,Non-ELL,6.2166061010848646,4.103390284738988,963,924
10212600,Female,Black or African American,FRL,Non-ELL,5.711254489494902,3.044522437723423,846,867
6361119,Female,White,Non-FRL,Non-ELL,5.075630409354503,6.96618482161228,1240,1097
56636417,Male,White,Non-FRL,Non-ELL,4.939716736075876,5.503411319857093,1164,1134
95543561,Female,Black or African American,FRL,Non-ELL,5.628519990155654,4.014532617817641,875,896
8296215,Female,His/Lat,FRL,Non-ELL,6.130203768047512,3.7376696182833684,916,929
62056585,Female,His/Lat,FRL,ELL,7.688284142859441,5.8522024797744745,1152,1087
63889633,Male,His/Lat,Non-FRL,Non-ELL,7.303843225277705,4.143134726391533,955,947
9672705,Female,His/Lat,FRL,ELL,6.655440350367647,5.179001169505607,942,929
10729929,Female,Black or African American,Non-FRL,Non-ELL,7.2875606403097235,7.643961949002529,1242,1227
33459,Male,His/Lat,FRL,Non-ELL,7.306732819370597,3.258096538021482,1143,1108
65380008,Female,White,FRL,Non-ELL,5.5093883366279774,3.6109179126442243,875,916
73891722,Male,White,Non-FRL,Non-ELL,5.683383196066632,6.305645862364261,949,814
12472399,Male,His/Lat,FRL,ELL,6.79346613258001,4.867534450455582,802,806
16025358,Female,White,Non-FRL,Non-ELL,6.149611926568388,3.8238117755608974,880,788
84963202,Male,Black or African American,FRL,Non-ELL,5.573104151014085,3.044522437723423,829,819
75439957,Female,White,FRL,Non-ELL,7.238077804006489,5.099866427824199,942,845
8301697,Female,White,FRL,Non-ELL,7.2233391551570305,3.4965075614664802,983,1092
4940161,Female,White,Non-FRL,Non-ELL,4.634543532859748,6.1379541090840535,872,901
50301971,Male,White,FRL,Non-ELL,4.787323388456231,5.638530015880145,894,886
50813744,Male,White,Non-FRL,ELL,5.9087522556053065,6.2190478797241155,887,792
46394,Male,His/Lat,Non-FRL,Non-ELL,7.019029936263171,2.70805020110221,1289,1158
62549618,Female,White,Non-FRL,Non-ELL,5.407205514791675,6.0100231539794535,969,880
88574719,Female,Black or African American,Non-FRL,Non-ELL,7.451701674748882,4.663439094112067,1068,1010
41980096,Male,Black or African American,FRL,Non-ELL,5.196917727346116,5.793552550001683,886,814
19901540,Female,Black or African American,Non-FRL,Non-ELL,7.416829369709322,3.6635616461296463,1001,1037
48945474,Male,White,FRL,Non-ELL,5.895655458216753,5.132740502048294,1022,951
8378006,Female,White,Non-FRL,Non-ELL,6.339402838307211,6.513230110912307,811,789
38840,Female,White,Non-FRL,Non-ELL,7.309212365692763,5.808142489980444,1076,1066
23373508,Female,White,Non-FRL,Non-ELL,5.839914648980781,2.5649493574615367,978,906
8849968,Male,Asian,Non-FRL,Non-ELL,4.487056457183767,5.892541100193207,1062,1059
27824,Female,White,Non-FRL,Non-ELL,7.13103769099087,2.3978952727983707,961,1002
20735335,Female,Black or African American,Non-FRL,Non-ELL,6.760758547510086,5.839999399633682,969,942
67895523,Female,Black or African American,Non-FRL,Non-ELL,6.946013991099227,7.643961949002529,1052,1028
69755252,Female,His/Lat,FRL,Non-ELL,5.9222484364192995,3.872884340743075,984,886
81277839,Male,White,FRL,Non-ELL,5.782755292548233,5.6278551397266545,949,933
80044266,Male,White,Non-FRL,Non-ELL,5.983306359406519,2.995732273553991,1102,1087
74914632,Male,Black or African American,Non-FRL,Non-ELL,6.037870919922137,2.0794415416798357,916,920
22648,Female,White,FRL,Non-ELL,7.185683455087804,2.70805020110221,1056,1108
86998008,Female,White,Non-FRL,Non-ELL,6.416732282512326,3.295836866004329,1037,1066
33774,Female,White,Non-FRL,Non-ELL,7.244598306902325,3.1354942159291497,1161,1046
86758,Female,Black or African American,Non-FRL,Non-ELL,7.190238036492228,3.1354942159291497,1039,1028
6503593,Female,White,Non-FRL,Non-ELL,6.498282149476434,3.3133535808558485,956,929
38905754,Male,His/Lat,Non-FRL,Non-ELL,6.04381977744191,2.772588722239781,998,1148
95742905,Male,His/Lat,FRL,Non-ELL,6.684611727667927,6.900730664045173,1060,992
39880,Male,White,FRL,Non-ELL,6.989734822697342,5.529429087511423,1044,1133
6653780,Female,White,Non-FRL,Non-ELL,6.264860587206079,6.304387262227918,995,920
56446348,Male,His/Lat,Non-FRL,Non-ELL,6.650279048587422,3.9779700782463365,1037,1002
53810963,Male,White,Non-FRL,Non-ELL,6.522092798170152,4.406719247264253,1154,1019
23935106,Male,White,Non-FRL,Non-ELL,6.7816250018379245,4.04305126783455,1164,1189
55872931,Male,White,FRL,Non-ELL,7.383938017513257,3.1354942159291497,1060,1021
5323778,Female,Black or African American,Non-FRL,Non-ELL,5.14166355650266,2.772588722239781,1045,965
67175654,Female,Black or African American,FRL,Non-ELL,6.946254578132747,3.6635616461296463,1152,1158
37418427,Female,White,Non-FRL,Non-ELL,4.018292159171353,6.038589870730607,1093,1039
24553893,Male,White,Non-FRL,Non-ELL,7.308749646788227,3.6375861597263857,1159,1046
68785988,Male,Black or African American,Non-FRL,Non-ELL,6.064772728975623,5.6278551397266545,941,838
76320,Male,Black or African American,Non-FRL,Non-ELL,6.782932816735829,5.905361848054571,1121,1173
26875130,Male,His/Lat,Non-FRL,Non-ELL,5.958822311214313,5.227579175004314,975,924
99904263,Female,Black or African American,FRL,Non-ELL,5.958424693029782,2.772588722239781,1095,1098
54250902,Male,White,Non-FRL,Non-ELL,6.184148890937483,3.1354942159291497,896,834
87633237,Female,Black or African American,Non-FRL,Non-ELL,5.905361848054571,3.044522437723423,769,600
56849,Female,White,FRL,Non-ELL,7.057036981697891,2.6390573296152584,1166,1066
51091,Female,White,Non-FRL,Non-ELL,7.231065328677547,4.04305126783455,1103,1010
69727413,Male,His/Lat,FRL,ELL,6.421622267806518,2.772588722239781,1080,1030
4633,Male,White,FRL,Non-ELL,6.888827269096618,6.077642243349034,1001,1028
87392215,Male,White,FRL,Non-ELL,4.152081173377709,6.358643699260597,1068,1046
64595748,Male,Black or African American,FRL,Non-ELL,4.838264068155469,2.995732273553991,780,856
71851957,Male,His/Lat,FRL,Non-ELL,4.650294368598075,5.786159400288979,838,876
22646481,Female,Black or African American,FRL,Non-ELL,5.704309137667865,5.147494476813453,1121,1145
92644,Female,His/Lat,FRL,Non-ELL,7.049258643059346,2.8903717578961645,1122,1145
19529248,Male,Black or African American,Non-FRL,Non-ELL,5.707110264748875,2.1972245773362196,974,929
36300676,Male,His/Lat,Non-FRL,ELL,5.91350300563827,3.258096538021482,1060,938
1837200,Female,American Indian or Alaskan Native,Non-FRL,Non-ELL,6.164645731936544,7.342116861923756,1008,1067
25077529,Male,Asian,Non-FRL,Non-ELL,6.149838681603782,5.227579175004314,1044,938
68480038,Female,Black or African American,Non-FRL,Non-ELL,6.023247109665467,5.98391732612495,848,958
62758,Male,White,FRL,Non-ELL,7.178520613808549,3.6375861597263857,1085,1046
34765037,Female,White,Non-FRL,Non-ELL,7.005789019253503,2.6390573296152584,1223,1119
84518042,Female,White,FRL,Non-ELL,6.914730892718563,3.332204510175204,983,985
18215842,Male,White,FRL,Non-ELL,6.4457198193855785,4.672828834461906,998,915
50145444,Male,White,FRL,Non-ELL,6.52339124243616,6.304387262227918,922,939
57780,Male,White,Non-FRL,Non-ELL,7.1197480009008665,2.6390573296152584,1177,1158
95027431,Female,His/Lat,Non-FRL,Non-ELL,4.943426544402806,2.5649493574615367,968,976
5868947,Female,Black or African American,Non-FRL,Non-ELL,5.544200404831736,2.302585092994046,971,976
55574014,Female,His/Lat,FRL,ELL,5.509640719346943,5.276775920855883,971,969
66485406,Female,White,FRL,Non-ELL,7.777687886878143,4.941642422609304,1011,913
87392,Male,His/Lat,FRL,Non-ELL,7.237312317253471,2.1972245773362196,1122,1132
88398956,Male,Black or African American,FRL,ELL,5.5093883366279774,4.447103005652314,876,876
35095548,Female,His/Lat,FRL,Non-ELL,6.88653164253051,2.8903717578961645,991,1025
90604434,Male,White,FRL,Non-ELL,6.16541785423142,3.7376696182833684,1015,969
82513412,Male,White,FRL,Non-ELL,4.749270529961848,2.0794415416798357,1018,932
17484412,Male,White,Non-FRL,Non-ELL,5.945420608606575,3.258096538021482,1121,1047
38840,Male,White,Non-FRL,Non-ELL,7.319381630059167,3.970291913552122,1060,1056
12591768,Male,White,Non-FRL,Non-ELL,5.043425116919247,2.995732273553991,1112,1047
51091,Female,White,Non-FRL,Non-ELL,7.186361935183023,4.890349128221754,1054,1066
66367546,Male,Asian,Non-FRL,Non-ELL,7.046219181916858,3.4339872044851463,1018,1028
7993,Male,Black or African American,Non-FRL,Non-ELL,7.3193664674079795,2.3978952727983707,1060,1037
55398552,Female,His/Lat,FRL,Non-ELL,6.147933965154199,2.4849066497880004,1062,978
45010747,Female,His/Lat,Non-FRL,Non-ELL,5.781737843756319,4.982910169794485,915,910
16289113,Male,White,Non-FRL,Non-ELL,5.66815529701305,3.1354942159291497,1192,1251
33464052,Female,His/Lat,Non-FRL,Non-ELL,5.509611561661351,5.2893008130863555,1076,1010
65438011,Female,His/Lat,FRL,ELL,4.985317486111966,2.70805020110221,984,955
74607897,Male,His/Lat,Non-FRL,Non-ELL,6.46302945692067,3.7948307892571895,1148,1121
2622936,Female,His/Lat,Non-FRL,Non-ELL,5.9604444975459145,3.1780538303479458,970,942
28349,Female,His/Lat,FRL,Non-ELL,7.046143997024223,3.044522437723423,1112,1158
88703724,Female,His/Lat,Non-FRL,Non-ELL,6.90975328164481,2.5649493574615367,1103,1173
44583844,Female,White,Non-FRL,Non-ELL,6.1463292576688975,3.970291913552122,948,910
38840,Male,Black or African American,FRL,Non-ELL,7.331700213956664,2.9444389791664403,1164,1067
68146535,Male,His/Lat,FRL,Non-ELL,6.48768401848461,3.828641396489095,976,967
64441574,Female,White,Non-FRL,Non-ELL,6.106756851098093,4.124547806585205,936,951
1681061,Female,Black or African American,FRL,Non-ELL,6.4457198193855785,3.3133535808558485,1017,942
10028043,Male,His/Lat,FRL,Non-ELL,7.100454573961993,4.795790545596741,998,1025
96024491,Male,White,FRL,Non-ELL,5.615233859209314,6.53813982376767,1068,969
17735,Male,White,FRL,ELL,7.158513997329321,3.784189633918261,1152,1087
53391053,Female,White,Non-FRL,Non-ELL,6.85217027111947,4.110873864173311,1223,1166
32842178,Male,White,Non-FRL,Non-ELL,6.503658804487922,7.34575754839443,1161,1092
22967461,Male,Black or African American,FRL,Non-ELL,5.843172682327666,5.8838512666601055,823,903
67230380,Female,His/Lat,FRL,Non-ELL,4.7826900729400865,5.961474449272327,956,929
73867737,Female,Asian,Non-FRL,Non-ELL,6.499336251081173,6.52795791762255,1023,1189
22452204,Female,His/Lat,Non-FRL,Non-ELL,5.529721435155367,4.755659924615204,1143,1058
85985543,Female,White,Non-FRL,Non-ELL,6.847878145983143,6.911119361628507,1315,1255
58276,Male,White,Non-FRL,Non-ELL,7.042749169955947,2.70805020110221,1190,1109
65175242,Female,His/Lat,Non-FRL,Non-ELL,5.815575277620846,6.009575640783477,823,881
84587766,Male,His/Lat,Non-FRL,Non-ELL,5.8148765221617875,2.302585092994046,1143,1076
45133,Female,White,Non-FRL,Non-ELL,7.374304448609286,2.6390573296152584,1192,1201
77921630,Female,White,Non-FRL,Non-ELL,6.343880434126331,2.70805020110221,1037,1056
6156,Female,Black or African American,Non-FRL,Non-ELL,7.264730177929867,3.367295829986474,1207,1227
87108766,Female,His/Lat,Non-FRL,Non-ELL,6.220590170099739,3.8501476017100584,964,968
74787,Female,White,Non-FRL,Non-ELL,7.209728466399364,2.0794415416798357,1102,1005
79562275,Male,White,FRL,Non-ELL,4.943426544402806,2.5649493574615367,956,939
22431,Male,White,Non-FRL,Non-ELL,7.347782831439412,2.6390573296152584,1132,1132
92848,Female,White,Non-FRL,Non-ELL,6.957669731920908,4.663439094112067,1060,1021
75130,Female,White,Non-FRL,Non-ELL,7.334395662145831,2.0794415416798357,1095,1086
8390144,Male,Asian,Non-FRL,ELL,7.1308988302963465,4.941642422609304,1070,1021
23477240,Male,His/Lat,FRL,ELL,6.180016653652572,5.34741520180679,1194,1048
44496920,Male,Black or African American,FRL,Non-ELL,6.349258049409832,6.53813982376767,971,916
710749,Female,His/Lat,Non-FRL,Non-ELL,7.019642573471867,3.5263605246161616,1023,1028
10576889,Female,Black or African American,Non-FRL,Non-ELL,6.302618975744905,2.302585092994046,935,1002
25246,Female,Black or African American,FRL,Non-ELL,7.185078895770233,2.9444389791664403,1078,1087
33226660,Male,White,Non-FRL,Non-ELL,4.22509868908385,6.441747937295018,929,881
42707,Female,White,Non-FRL,Non-ELL,7.276540436454319,3.6635616461296463,1060,1028
53810963,Male,Black or African American,Non-FRL,Non-ELL,6.0477314599382135,4.589638919641973,950,906
26124231,Female,His/Lat,Non-FRL,Non-ELL,5.765191102784844,3.295836866004329,1222,1097
13403813,Male,White,Non-FRL,Non-ELL,6.338594078203183,2.3978952727983707,1070,1004
17330,Female,White,Non-FRL,Non-ELL,7.30021904571726,3.8918202981106265,1039,1019
92147038,Female,His/Lat,FRL,ELL,6.5283661517590525,3.828641396489095,909,929
16038356,Female,White,FRL,Non-ELL,5.149145651277087,5.417953830761162,942,974
23096358,Male,His/Lat,Non-FRL,Non-ELL,5.938174534237248,4.943483555393988,1079,1005
12233374,Female,His/Lat,Non-FRL,Non-ELL,6.759255270663693,4.7535901911063645,955,933
10729929,Male,His/Lat,Non-FRL,Non-ELL,5.559816542062726,6.108790628728671,922,920
81750033,Male,Black or African American,Non-FRL,Non-ELL,6.440946540632921,3.258096538021482,1011,942
35861813,Female,His/Lat,FRL,Non-ELL,6.1463292576688975,3.6109179126442243,829,807
10140623,Male,Black or African American,Non-FRL,Non-ELL,5.7698822763607245,3.044522437723423,811,789
95844750,Male,White,Non-FRL,Non-ELL,6.778784897685177,2.833213344056216,951,814
69602105,Female,His/Lat,Non-FRL,Non-ELL,7.6708948313621175,2.302585092994046,1264,1207
50849453,Female,White,Non-FRL,Non-ELL,6.710523109452428,3.8501476017100584,1023,992
83013259,Female,White,Non-FRL,Non-ELL,6.987508948834264,4.04305126783455,1076,1010
99117833,Male,White,Non-FRL,Non-ELL,6.947807128700093,3.4011973816621555,1065,1076
45874525,Male,White,Non-FRL,Non-ELL,4.585837220609848,7.384961923666123,1315,1163
14788125,Female,Black or African American,FRL,Non-ELL,4.925727862754362,7.755000453523759,1039,1423
6116093,Male,His/Lat,FRL,Non-ELL,6.620406484320476,3.58351893845611,929,912
78522,Female,His/Lat,Non-FRL,Non-ELL,7.045363274807152,5.0689042022202315,1011,1056
84454021,Female,White,FRL,Non-ELL,6.727431724850855,4.605170185988092,1058,1046
74883352,Female,White,Non-FRL,Non-ELL,5.726722343447418,6.234410725718371,1037,938
46450931,Male,White,Non-FRL,Non-ELL,5.310344760379174,6.565798636254949,1154,1077
52001580,Female,His/Lat,FRL,ELL,6.068848380294679,6.42511370178363,995,993
38735447,Male,White,Non-FRL,Non-ELL,5.143905746935804,6.102135282773524,1042,1105
93745973,Female,White,FRL,Non-ELL,6.202535517187923,2.5649493574615367,963,993
73867737,Male,His/Lat,FRL,Non-ELL,5.067330637772801,4.755659924615204,1076,1066
35095548,Female,White,Non-FRL,Non-ELL,6.366470447731438,2.5649493574615367,845,906
1031,Female,Black or African American,Non-FRL,Non-ELL,7.237467648142277,2.5649493574615367,1039,1002
61141780,Female,His/Lat,FRL,Non-ELL,5.5740281268091145,5.2893008130863555,943,938
20340716,Female,White,Non-FRL,Non-ELL,6.940222469119639,6.52649485957079,1047,1037
48038704,Female,His/Lat,Non-FRL,ELL,6.725633702190849,4.276666119016055,1008,1133
3244119,Male,White,Non-FRL,Non-ELL,6.358090238639907,5.529608890377796,1190,1075
58306773,Male,His/Lat,Non-FRL,Non-ELL,7.119635638017636,6.472036689030628,1112,1158
56008904,Male,Asian,Non-FRL,Non-ELL,5.81749329977696,6.009575640783477,915,977
88813109,Male,His/Lat,FRL,Non-ELL,5.520875837385429,5.568712294984198,956,986
62077080,Male,White,Non-FRL,Non-ELL,5.782755292548233,5.53338948872752,1085,1120
75956,Female,White,Non-FRL,Non-ELL,7.352071364266486,2.0794415416798357,1122,1096
85112061,Male,His/Lat,FRL,Non-ELL,6.342121418721152,2.3978952727983707,1103,1046
17492,Male,His/Lat,FRL,ELL,7.179635100337906,2.1972245773362196,1032,1019
23359,Male,Black or African American,Non-FRL,Non-ELL,7.296284444082398,2.6390573296152584,1008,1010
98155481,Female,Asian,Non-FRL,Non-ELL,6.211101959092904,2.6390573296152584,1018,959
95088975,Male,His/Lat,FRL,ELL,7.028307297543975,5.608561475254662,1112,1098
4681,Male,Black or African American,Non-FRL,ELL,7.334717234068044,4.454347296253507,1152,1087
15490960,Male,His/Lat,FRL,Non-ELL,4.718498871295094,2.70805020110221,974,916
27543068,Female,His/Lat,Non-FRL,Non-ELL,5.9165104460946925,5.1976960679735145,1029,938
17519459,Female,White,Non-FRL,Non-ELL,6.347021063609969,6.4640779177263274,987,986
5669215,Female,Black or African American,Non-FRL,Non-ELL,5.84714638039224,5.541418686875897,872,802
10140623,Female,His/Lat,Non-FRL,Non-ELL,7.716572152551059,5.2574953720277815,1242,1158
12205769,Male,His/Lat,FRL,ELL,6.238812787119009,2.995732273553991,984,836
64950539,Male,White,FRL,Non-ELL,5.782755292548233,5.313205979041787,935,938
33695606,Male,His/Lat,Non-FRL,Non-ELL,6.2131069722959245,2.772588722239781,1076,1028
90733404,Male,His/Lat,FRL,Non-ELL,6.597145701886651,2.5649493574615367,1093,1046
6155992,Female,His/Lat,FRL,ELL,6.459904454377535,2.5649493574615367,929,871
73457587,Male,His/Lat,FRL,ELL,5.176149732573829,2.4849066497880004,902,858
15120508,Male,His/Lat,FRL,Non-ELL,5.709598859977641,2.772588722239781,988,974
67526897,Male,Black or African American,Non-FRL,Non-ELL,4.406719247264253,4.418919650016279,995,933
42147642,Male,His/Lat,Non-FRL,Non-ELL,7.696212639346407,6.495684265256826,1260,1189
55893680,Female,Black or African American,FRL,Non-ELL,5.5740281268091145,5.417953830761162,971,915
55213804,Male,Asian,Non-FRL,Non-ELL,4.963672167294134,6.054748249788839,1051,942
69327247,Female,His/Lat,FRL,ELL,5.683383196066632,6.298136023401122,1080,1098
6653780,Female,White,Non-FRL,Non-ELL,4.709530201312334,2.1972245773362196,1086,1010
43131149,Male,His/Lat,FRL,ELL,6.408321956552703,4.5144936905016095,1010,951
80684,Female,Asian,Non-FRL,Non-ELL,7.380562391887815,2.833213344056216,1265,1227
35744340,Male,Black or African American,Non-FRL,Non-ELL,5.110421926430198,3.044522437723423,1085,1005
21672900,Female,White,FRL,Non-ELL,5.95256833426697,5.5571357140459154,995,855
45010747,Female,White,Non-FRL,Non-ELL,6.759255270663693,4.7535901911063645,1112,1076
39931350,Female,Black or African American,FRL,Non-ELL,7.0916434980204714,5.099866427824199,1121,1164
44761618,Female,Black or African American,Non-FRL,Non-ELL,5.097962884796941,5.417953830761162,958,906
15384270,Female,His/Lat,Non-FRL,Non-ELL,5.075630409354503,6.8847349052492515,1143,1057
14028654,Male,White,Non-FRL,Non-ELL,4.214699369348351,6.038589870730607,904,856
69765685,Male,White,FRL,Non-ELL,5.51467396149691,5.377575654275966,1064,897
16287,Male,Black or African American,Non-FRL,Non-ELL,7.239417758762837,2.0794415416798357,1102,1119
59490,Male,His/Lat,Non-FRL,ELL,6.506157682400462,6.52795791762255,1001,1075
38737,Male,White,FRL,Non-ELL,7.3193664674079795,2.302585092994046,1025,1108
44089399,Female,White,FRL,Non-ELL,6.066246567424251,3.7612001156935624,1051,993
58511,Female,White,Non-FRL,Non-ELL,6.963297796938845,4.912654885736052,1047,1037
23295069,Female,Black or African American,Non-FRL,Non-ELL,6.710523109452428,3.1780538303479458,970,924
74043892,Male,Black or African American,Non-FRL,Non-ELL,7.019029936263171,3.0937482689990565,1142,1121
35034,Female,Black or African American,Non-FRL,Non-ELL,7.133295954896068,5.529429087511423,1166,1182
39931350,Male,White,FRL,Non-ELL,6.6945760631021045,6.054439346269371,1008,956
93932267,Male,His/Lat,FRL,ELL,5.762659709332589,5.527182481955795,909,906
31698,Male,His/Lat,Non-FRL,Non-ELL,7.101775932239894,2.1972245773362196,1130,1119
13567724,Male,Black or African American,Non-FRL,Non-ELL,7.008693374770163,2.0794415416798357,1264,1163
15369614,Female,His/Lat,Non-FRL,Non-ELL,6.71295620067707,2.302585092994046,909,938
95130,Male,White,Non-FRL,Non-ELL,6.990256500493881,2.5649493574615367,1102,1076
1909956,Male,White,Non-FRL,Non-ELL,6.334617793303337,6.911119361628507,1186,1164
99364318,Female,Black or African American,FRL,Non-ELL,4.283009287574987,5.880598493893365,1039,959
37601870,Female,White,Non-FRL,Non-ELL,6.149424207047484,3.6109179126442243,757,845
24935444,Female,His/Lat,Non-FRL,ELL,6.2964692186094195,2.70805020110221,1025,985
15970560,Male,Native Hawaiian or Other Pacific Islander,FRL,Non-ELL,6.070671044482523,4.589638919641973,961,978
48886196,Male,White,FRL,ELL,5.826889707075184,6.287140033356175,936,951
60486572,Female,White,FRL,Non-ELL,6.180000833111808,3.1354942159291497,1112,992
35542616,Male,White,FRL,Non-ELL,7.553350432904224,3.784189633918261,1141,1105
67345733,Male,Black or African American,Non-FRL,Non-ELL,7.572502985020384,3.4965075614664802,1143,1096
75932415,Male,His/Lat,FRL,Non-ELL,6.725933597229833,3.1780538303479458,1295,1148
35911877,Male,White,Non-FRL,Non-ELL,5.982778107886415,5.886104031450156,502,805
99665935,Female,Black or African American,FRL,Non-ELL,4.999192085917308,6.358643699260597,1131,1059
59438425,Female,Black or African American,Non-FRL,Non-ELL,6.212606095751519,2.5649493574615367,868,916
64843126,Male,Black or African American,Non-FRL,Non-ELL,6.582025138892826,2.772588722239781,1039,1039
27824,Female,His/Lat,Non-FRL,Non-ELL,5.321396018775324,6.513230110912307,1060,1019
31602048,Female,His/Lat,FRL,ELL,6.249975242259483,2.0794415416798357,901,939
53344569,Male,White,Non-FRL,Non-ELL,6.464977635989993,5.0369526024136295,916,983
58811870,Male,His/Lat,FRL,ELL,6.051500760552042,4.748274993374878,1051,916
91783943,Female,Black or African American,FRL,ELL,4.939716736075876,5.4532668641282305,918,924
45559621,Male,His/Lat,Non-FRL,Non-ELL,6.918695219020472,5.099866427824199,1085,1133
6139628,Male,Black or African American,Non-FRL,Non-ELL,7.226936018493289,6.037110706826965,1150,1164
32842178,Male,White,Non-FRL,Non-ELL,6.028278520230698,3.8066624897703196,990,924
88162902,Female,White,Non-FRL,Non-ELL,5.607164218299923,3.7376696182833684,1205,1120
1877910,Male,His/Lat,FRL,ELL,5.923215428282977,5.059433982964885,915,948
33401950,Female,His/Lat,Non-FRL,Non-ELL,5.872615651312899,5.074809531768911,1030,942
39948860,Male,White,Non-FRL,Non-ELL,6.447305862541213,6.384520622432216,1071,1012
41309855,Male,Black or African American,FRL,Non-ELL,5.937536205082426,2.1972245773362196,769,726
56195,Female,His/Lat,FRL,ELL,7.192884650654073,3.8918202981106265,1068,1105
31760361,Female,His/Lat,Non-FRL,ELL,6.608000625296087,2.5649493574615367,908,802
33379,Male,White,Non-FRL,Non-ELL,7.22402480828583,3.1354942159291497,1088,1001
20401029,Female,White,FRL,Non-ELL,5.563562093880882,3.5553480614894135,1062,947
16257934,Male,His/Lat,FRL,ELL,6.082789523801344,2.5649493574615367,1039,916
5550,Male,His/Lat,Non-FRL,Non-ELL,7.247792581767846,4.90527477843843,998,1057
52294525,Female,White,Non-FRL,Non-ELL,4.565175354893305,5.638530015880145,916,896
70827847,Female,His/Lat,Non-FRL,Non-ELL,4.787323388456231,5.774309500279301,943,912
46299074,Female,Black or African American,FRL,Non-ELL,6.799891633106192,3.4965075614664802,868,789
74208938,Female,White,FRL,Non-ELL,6.171700597410915,3.6934840230098267,857,891
68324398,Male,White,Non-FRL,ELL,6.6814818346589995,2.302585092994046,1177,1281
67844441,Male,White,FRL,Non-ELL,6.171178540494855,3.258096538021482,1030,779
66960556,Female,Black or African American,FRL,Non-ELL,5.196917727346116,5.742299184543779,950,896
57002664,Female,White,Non-FRL,Non-ELL,6.418364935936212,2.1972245773362196,782,856
16756374,Female,White,Non-FRL,Non-ELL,5.486869473092628,2.6390573296152584,1095,1108
2283143,Female,White,Non-FRL,Non-ELL,7.385385997890487,4.406719247264253,1052,1010
56890492,Female,His/Lat,FRL,ELL,6.100318952020064,2.302585092994046,911,906
85513610,Male,His/Lat,FRL,Non-ELL,6.620406484320476,4.276666119016055,1103,1075
5754168,Male,White,Non-FRL,Non-ELL,6.323324564721523,7.342116861923756,1550,1047
88060,Male,His/Lat,FRL,Non-ELL,7.332644300891229,3.4965075614664802,1047,1047
70953356,Male,His/Lat,Non-FRL,Non-ELL,4.573244843994751,5.951923826351477,983,969
84588,Female,His/Lat,Non-FRL,Non-ELL,6.963126791823544,4.394449154672439,1037,1047
39980307,Male,His/Lat,FRL,Non-ELL,6.556778356158042,2.0794415416798357,1102,1076
52058130,Female,White,Non-FRL,Non-ELL,7.716572152551059,3.8501476017100584,998,968
59992107,Male,Black or African American,Non-FRL,Non-ELL,6.210600077024653,2.833213344056216,981,993
90733404,Male,Black or African American,Non-FRL,Non-ELL,4.255612709818223,2.3978952727983707,1030,978
479,Male,His/Lat,Non-FRL,Non-ELL,6.444716701240191,6.513230110912307,1015,1046
8296215,Male,Asian,FRL,Non-ELL,6.584791392385716,2.5649493574615367,922,881
1788096,Female,White,Non-FRL,Non-ELL,4.643597408645924,5.327601185629533,1132,1030
32948130,Male,White,Non-FRL,Non-ELL,7.31332819467038,7.18638531858849,1161,1158
75652655,Female,His/Lat,Non-FRL,Non-ELL,6.3080984415095305,4.356708826689592,889,938
12039068,Female,His/Lat,Non-FRL,Non-ELL,7.032018208470235,6.452048954437226,1008,1037
64516397,Male,White,Non-FRL,Non-ELL,6.0014148779611505,2.0794415416798357,984,992
29069,Female,His/Lat,Non-FRL,Non-ELL,7.29505641646263,4.04305126783455,1121,1077
1573619,Male,Black or African American,FRL,Non-ELL,6.734591659972948,2.6390573296152584,1015,942
11476,Male,His/Lat,Non-FRL,Non-ELL,7.266034710847906,4.882801922586371,1169,1056
41278226,Male,White,FRL,Non-ELL,6.794026513653794,4.276666119016055,974,896
53112107,Male,White,Non-FRL,Non-ELL,5.251710229557892,6.475598405018853,1010,1083
33378933,Male,His/Lat,FRL,ELL,6.116913991410227,4.651903791324061,950,896
77828,Female,White,Non-FRL,Non-ELL,6.792338339250662,5.0689042022202315,1037,1056
74208938,Female,White,Non-FRL,Non-ELL,5.520083811733773,5.307528217173274,857,788
12300839,Female,Black or African American,Non-FRL,Non-ELL,6.580975839802624,6.368187186350492,889,976
58105006,Female,White,FRL,Non-ELL,6.901737206656574,4.941642422609304,1121,1189
24006645,Male,Black or African American,FRL,Non-ELL,6.255750041753367,3.713572066704308,904,880
66485406,Female,White,Non-FRL,Non-ELL,7.309212365692763,5.808142489980444,1060,1028
36910994,Male,White,FRL,Non-ELL,5.250704242777033,5.503411319857093,1028,959
19908,Male,Black or African American,Non-FRL,Non-ELL,6.927557906278317,5.3706380281276624,1102,1019
46738854,Female,Black or African American,Non-FRL,Non-ELL,7.31332819467038,6.63381955029965,1030,986
58687737,Male,White,FRL,Non-ELL,5.8413681376087645,4.001726596145092,1051,976
34965696,Female,Black or African American,Non-FRL,Non-ELL,5.5134287461649825,3.828641396489095,1093,1066
75652655,Female,Black or African American,Non-FRL,Non-ELL,7.255591274253665,4.543294782270004,853,858
45347882,Male,White,Non-FRL,Non-ELL,5.664695085948154,3.713572066704308,968,881
41176,Male,Black or African American,Non-FRL,Non-ELL,7.107425474110705,2.8903717578961645,1113,1145
12732334,Male,His/Lat,FRL,ELL,5.682156465954906,5.144824353283812,872,934
5549900,Male,Asian,FRL,ELL,6.210600077024653,2.70805020110221,968,992
55875286,Male,White,Non-FRL,Non-ELL,7.096334553540213,4.561397949803225,1112,1077
23814249,Male,Black or African American,Non-FRL,Non-ELL,7.557857688805509,3.332204510175204,1131,1108
29410,Female,White,Non-FRL,Non-ELL,7.334981878871814,4.897839799950911,1060,1025
49082871,Male,Black or African American,FRL,Non-ELL,4.990817810143903,5.4203834983927175,1018,960
18772520,Female,His/Lat,FRL,Non-ELL,7.473637108496206,6.42511370178363,840,1066
82897652,Male,His/Lat,FRL,ELL,6.70808408385307,4.276666119016055,1001,1066
29175,Female,His/Lat,Non-FRL,ELL,7.330308902906806,2.302585092994046,1152,1121
56446348,Male,His/Lat,Non-FRL,ELL,7.696212639346407,6.3080013794309675,1037,1010
37714475,Female,White,Non-FRL,Non-ELL,5.2174845269537,5.800155570607722,872,792
46929790,Male,Black or African American,FRL,Non-ELL,5.859542375915579,4.356708826689592,1015,983
479,Male,White,Non-FRL,Non-ELL,7.303972388794705,2.0794415416798357,1073,1028
23359,Female,His/Lat,Non-FRL,Non-ELL,7.047451118834665,4.04305126783455,1070,1037
43682,Female,His/Lat,Non-FRL,Non-ELL,7.371058078301955,3.4965075614664802,1062,1010
33216972,Female,His/Lat,FRL,ELL,5.683081645360516,4.986982803899548,950,915
85683500,Male,His/Lat,FRL,ELL,5.250704242777033,5.549235080416639,853,860
96611,Male,Black or African American,Non-FRL,Non-ELL,7.053601099672684,2.6390573296152584,1289,1037
63025998,Male,His/Lat,FRL,Non-ELL,5.933567012005016,5.172235520783531,803,741
99998690,Male,Black or African American,FRL,Non-ELL,6.2742911005833655,2.4849066497880004,990,915
56636417,Male,Asian,Non-FRL,Non-ELL,4.982989363580844,5.380521506195616,995,977
33216972,Male,His/Lat,Non-FRL,Non-ELL,6.376726947898627,3.9318256327243257,1030,1158
94134430,Male,White,Non-FRL,Non-ELL,6.003887067106539,2.5649493574615367,970,1046
30162613,Male,Black or African American,Non-FRL,Non-ELL,7.557081179993233,4.605170185988092,1004,1002
53630032,Male,White,FRL,Non-ELL,5.831882477283517,3.415767787285557,911,878
45619505,Male,Black or African American,Non-FRL,Non-ELL,6.2869287600018176,4.672828834461906,981,929
76183812,Female,His/Lat,Non-FRL,Non-ELL,6.882437470997847,2.1972245773362196,876,825
54219712,Male,White,Non-FRL,ELL,6.5273964969233464,3.5263605246161616,1190,1098
85112061,Male,White,FRL,Non-ELL,6.70808408385307,3.7376696182833684,1102,1087
93319,Male,His/Lat,Non-FRL,Non-ELL,7.107425474110705,3.784189633918261,1112,1173
99812050,Male,Black or African American,FRL,Non-ELL,7.791204661423294,3.2188758248682006,1121,1076
72480944,Male,Black or African American,FRL,Non-ELL,5.977294666264878,4.617956670764077,936,915
28904865,Female,White,Non-FRL,Non-ELL,6.946013991099227,6.507277712385012,1068,1019
6706103,Female,Black or African American,Non-FRL,ELL,6.70808408385307,3.6635616461296463,1132,1145
95877225,Male,Black or African American,FRL,Non-ELL,6.184292372063701,3.58351893845611,1068,974
86384710,Male,His/Lat,FRL,Non-ELL,5.884517270441895,5.1633858153838474,887,802
92354710,Female,His/Lat,Non-FRL,ELL,7.065613363597717,4.90527477843843,1141,1076
37951831,Male,White,Non-FRL,ELL,5.956974150493239,5.171459079048697,995,881
73582377,Female,Black or African American,Non-FRL,ELL,5.251710229557892,6.53813982376767,889,906
1452401,Female,White,FRL,Non-ELL,5.030437921392435,4.110873864173311,1076,969
84363,Male,His/Lat,Non-FRL,ELL,6.994849985833071,4.418840607796598,1001,1096
92057009,Female,Asian,Non-FRL,Non-ELL,7.0630481633881725,3.295836866004329,1103,1189
9430244,Male,His/Lat,FRL,Non-ELL,6.25718854595731,3.258096538021482,983,942
68324398,Male,His/Lat,FRL,Non-ELL,6.133398042996649,4.060443010546419,1054,1001
12990,Female,White,Non-FRL,Non-ELL,7.319366699900513,2.4849066497880004,1062,1037
94654714,Female,Black or African American,Non-FRL,Non-ELL,7.027579636989623,3.4965075614664802,1058,1019
59140,Female,Black or African American,FRL,Non-ELL,6.923750271767134,4.382026634673881,1047,1019
11159020,Male,Black or African American,Non-FRL,Non-ELL,6.0764947962925575,3.1780538303479458,853,807
72767687,Female,Black or African American,Non-FRL,Non-ELL,6.149838681603782,4.945363217923335,1002,903
96562438,Female,His/Lat,Non-FRL,Non-ELL,6.970176342421144,5.501258210544727,1141,1076
3244119,Male,White,Non-FRL,Non-ELL,6.806829360392176,2.6390573296152584,1132,1086
89526,Female,White,Non-FRL,Non-ELL,7.055817635424204,3.2188758248682006,1095,1019
56192363,Female,Asian,Non-FRL,ELL,5.66019827410789,5.8268486875934,823,788
33353053,Female,His/Lat,Non-FRL,Non-ELL,5.052142251226597,4.7543830546826475,1143,1059
58366979,Male,White,Non-FRL,Non-ELL,5.515060031231264,5.297341400187014,1112,1030
20607984,Male,White,Non-FRL,Non-ELL,6.729824070489475,2.302585092994046,1058,938
4602,Male,White,Non-FRL,Non-ELL,7.2180087989032335,3.258096538021482,1062,1096
83013,Male,White,Non-FRL,Non-ELL,7.016385443507586,3.8918202981106265,1037,1158
47957603,Female,White,FRL,Non-ELL,4.901564199041894,3.6888794541139363,1001,956
74183,Female,His/Lat,Non-FRL,Non-ELL,7.096334553540213,3.8501476017100584,1122,1145
37418427,Female,Black or African American,Non-FRL,Non-ELL,5.642982201111409,3.6109179126442243,757,825
62753635,Female,Black or African American,Non-FRL,Non-ELL,7.877397186353287,2.70805020110221,1047,1028
25948226,Female,White,FRL,Non-ELL,6.234410725718371,2.0794415416798357,945,886
68320114,Male,White,Non-FRL,Non-ELL,6.354804728915475,2.6390573296152584,1154,1056
1523393,Male,Black or African American,Non-FRL,Non-ELL,6.063634916303031,5.5571357140459154,1049,938
85220927,Male,White,FRL,Non-ELL,6.482176934537927,6.507277712385012,1030,932
6724340,Male,His/Lat,Non-FRL,Non-ELL,7.226936018493289,6.103010084842467,1132,1145
69230573,Male,White,Non-FRL,Non-ELL,5.205151083010128,6.820968586674594,969,1015
13140582,Male,White,Non-FRL,Non-ELL,6.955592608396297,3.295836866004329,855,916
23359495,Male,His/Lat,Non-FRL,Non-ELL,7.031495649396229,5.472270673671475,1102,1119
34953603,Female,Asian,FRL,ELL,6.425900608891296,3.1511614352782,1035,1014
80044266,Female,His/Lat,FRL,Non-ELL,6.130538209245586,6.371611847231857,875,920
81780846,Male,His/Lat,Non-FRL,Non-ELL,6.5214892528366315,6.507277712385012,1008,974
22452,Female,White,FRL,Non-ELL,6.70400091704549,5.808142489980444,1085,1120
96076975,Male,White,FRL,Non-ELL,6.184148890937483,3.367295829986474,970,993
17895139,Male,His/Lat,FRL,Non-ELL,6.5283661517590525,3.828641396489095,1025,978
13222997,Male,White,Non-FRL,Non-ELL,6.694562058521095,4.382026634673881,1070,1066
66282,Male,Black or African American,Non-FRL,ELL,7.053601099672684,2.70805020110221,1143,1173
95218,Male,White,Non-FRL,Non-ELL,6.5214892528366315,6.437751649736401,1222,1189
82214672,Male,Black or African American,Non-FRL,Non-ELL,5.541130039935927,5.6908913714571545,894,910
6706,Male,White,Non-FRL,Non-ELL,7.131098810299013,5.700443573390687,974,1010
11487129,Male,His/Lat,FRL,ELL,5.986112568936602,4.694809628752669,872,849
68716929,Male,Black or African American,FRL,Non-ELL,4.83347096949381,6.6112541147115715,1153,1131
18400,Male,White,FRL,Non-ELL,7.172375882822048,6.42648845745769,1076,1133
78536402,Male,White,Non-FRL,Non-ELL,4.515347389361988,2.3978952727983707,1039,1086
46929790,Female,White,FRL,Non-ELL,6.580975839802624,6.368187186350492,1023,959
53026200,Female,White,Non-FRL,Non-ELL,7.08590966186137,2.772588722239781,998,915
49641237,Male,His/Lat,Non-FRL,Non-ELL,6.85217027111947,4.77912349311153,931,869
59718005,Male,His/Lat,Non-FRL,Non-ELL,4.194032220148588,6.347900052214554,928,990
87395729,Female,White,FRL,Non-ELL,6.149424207047484,3.7612001156935624,1032,942
33686255,Male,His/Lat,FRL,ELL,6.179498921308624,2.70805020110221,929,900
6706103,Female,His/Lat,Non-FRL,Non-ELL,6.646390514847729,2.5649493574615367,938,1002
24308,Male,White,Non-FRL,Non-ELL,7.146051871705482,4.7535901911063645,1056,1046
95390353,Female,Black or African American,Non-FRL,Non-ELL,6.491481972157369,2.8903717578961645,1178,1166
13094994,Male,White,Non-FRL,ELL,5.289557085234849,6.4640779177263274,987,890
66418765,Female,White,Non-FRL,Non-ELL,5.541564878537555,5.241332422136735,942,832
44744734,Female,Black or African American,Non-FRL,Non-ELL,5.097962884796941,5.380521506195616,1030,972
25799591,Male,Asian,FRL,ELL,6.025261926691273,2.302585092994046,1004,948
78522047,Female,His/Lat,Non-FRL,Non-ELL,6.561030665896573,2.9444389791664403,1037,976
47551657,Female,White,FRL,Non-ELL,6.070311291944855,3.6109179126442243,882,858
69727413,Female,Black or African American,FRL,Non-ELL,6.184148890937483,3.5263605246161616,820,856
5637,Female,Black or African American,Non-FRL,Non-ELL,7.172375882822048,6.437751649736401,1264,1227
44136741,Female,His/Lat,Non-FRL,ELL,4.056123349401903,2.70805020110221,782,886
73093265,Female,White,FRL,Non-ELL,6.033685562541945,3.4260676081545203,887,832
45875,Male,His/Lat,Non-FRL,Non-ELL,7.049254841255837,4.663439094112067,1164,1173
39880,Male,Black or African American,Non-FRL,Non-ELL,7.146051871705482,3.8918202981106265,1039,1056
11551689,Female,His/Lat,FRL,Non-ELL,6.53451531816871,3.7756377978789666,942,955
96076975,Male,Black or African American,FRL,ELL,5.5124201732100975,2.9444389791664403,1062,775
67457095,Male,His/Lat,FRL,Non-ELL,4.409763389645481,2.3978952727983707,984,942
7993,Male,Black or African American,Non-FRL,Non-ELL,7.2233391551570305,2.9444389791664403,1076,1046
4940161,Male,White,Non-FRL,Non-ELL,4.656338472562491,2.5649493574615367,1010,1075
23440671,Female,Asian,Non-FRL,ELL,6.530337208809892,4.67920535850661,1150,1121
59564496,Male,Black or African American,Non-FRL,ELL,5.726847747587197,2.4849066497880004,981,912
27275,Male,White,FRL,Non-ELL,7.162887662625175,4.454347296253507,1143,1120
23935106,Male,Black or African American,Non-FRL,Non-ELL,4.382026634673881,3.258470686338419,1102,1158
1584895,Male,White,Non-FRL,Non-ELL,6.283851354225596,3.867706987534615,956,939
25798362,Male,Black or African American,Non-FRL,Non-ELL,7.1372784372603855,3.58351893845611,1177,1158
91943201,Male,White,Non-FRL,Non-ELL,6.587550014824796,3.2188758248682006,1025,1158
3253372,Male,White,Non-FRL,Non-ELL,7.2180087989032335,3.4011973816621555,1068,1096
73286668,Female,White,Non-FRL,Non-ELL,6.968039060088007,3.044522437723423,1240,1131
24084584,Male,His/Lat,Non-FRL,Non-ELL,7.850103545175582,4.30406509320417,1164,1067
9430244,Female,Black or African American,Non-FRL,Non-ELL,4.963672167294134,6.054748249788839,938,1002
92602515,Male,Black or African American,Non-FRL,Non-ELL,5.4220493858447245,5.6908913714571545,887,896
45133,Male,His/Lat,Non-FRL,Non-ELL,7.088217720576856,3.5263605246161616,1192,1048
33238689,Female,His/Lat,Non-FRL,Non-ELL,6.082495314068723,4.354651345542865,1030,959
63890,Male,His/Lat,Non-FRL,Non-ELL,7.050147373979164,2.4849066497880004,1085,1037
89526,Male,His/Lat,FRL,Non-ELL,7.1631723908466425,3.295836866004329,1190,1227
48754631,Female,White,Non-FRL,Non-ELL,7.451701674748882,3.1354942159291497,902,856
69782751,Female,His/Lat,FRL,Non-ELL,6.1494933147763176,4.5144936905016095,1071,1066
37418427,Female,His/Lat,FRL,Non-ELL,6.47543271670409,2.0794415416798357,950,814
97873709,Female,Black or African American,FRL,Non-ELL,5.389071729816501,2.4849066497880004,878,869
5507419,Female,Black or African American,Non-FRL,Non-ELL,4.990230562707967,6.109972169102746,872,776
12772926,Male,White,FRL,Non-ELL,6.178063713483881,7.342116861923756,1111,1056
17622603,Female,White,Non-FRL,Non-ELL,4.943426544402806,2.3978952727983707,1112,992
42017978,Male,White,Non-FRL,Non-ELL,4.760034896549007,2.9444389791664403,911,843
39650,Male,White,Non-FRL,Non-ELL,7.027579636989623,3.970291913552122,961,1036
67175654,Male,White,FRL,Non-ELL,6.5722825426940075,2.995732273553991,1054,1021
90565910,Female,White,FRL,Non-ELL,6.010654241501123,2.1972245773362196,1015,951
96421714,Male,Black or African American,Non-FRL,Non-ELL,7.065186286930966,2.9444389791664403,1076,1010
84872253,Female,Black or African American,FRL,Non-ELL,6.283200889887803,2.6390573296152584,1102,1076
47244310,Female,His/Lat,Non-FRL,ELL,5.986112568936602,4.651903791324061,1045,942
91901226,Male,White,Non-FRL,Non-ELL,7.716572152551059,2.302585092994046,1222,1134
22378,Male,White,Non-FRL,Non-ELL,7.1631723908466425,3.044522437723423,1164,1132
62284536,Male,Black or African American,Non-FRL,Non-ELL,7.3031700512368,2.6390573296152584,1143,1075
7721967,Male,Black or African American,Non-FRL,Non-ELL,6.0815205542761355,3.4803230958496316,1049,938
53672184,Male,His/Lat,FRL,ELL,4.685241612677551,6.052499590330486,915,960
55872931,Female,His/Lat,FRL,Non-ELL,7.688284142859441,2.302585092994046,886,866
21721315,Female,White,Non-FRL,Non-ELL,6.264860587206079,6.5743492304532225,934,939
33226660,Female,His/Lat,Non-FRL,Non-ELL,6.52339124243616,6.5881189009411365,1143,1058
60746,Male,White,FRL,Non-ELL,7.194436851100335,2.1972245773362196,1004,1005
74208938,Male,Black or African American,Non-FRL,Non-ELL,5.905361848054571,4.356708826689592,981,993
31272606,Female,White,Non-FRL,Non-ELL,6.587550014824796,3.1780538303479458,799,819
43719,Female,Black or African American,FRL,Non-ELL,7.195937226475569,4.7535901911063645,1030,1087
80178330,Female,Black or African American,Non-FRL,Non-ELL,5.9888965769791875,4.741969720020774,848,891
58511,Male,Black or African American,Non-FRL,Non-ELL,7.242539327560897,2.0794415416798357,1207,1144
35813842,Female,His/Lat,Non-FRL,ELL,5.98204532519149,2.3978952727983707,922,860
2446945,Female,His/Lat,Non-FRL,Non-ELL,6.567023985440541,5.179001169505607,1086,1057
90788970,Male,White,FRL,Non-ELL,5.19295685089021,2.1972245773362196,1102,1037
42767,Female,His/Lat,Non-FRL,Non-ELL,7.332644300891229,3.5553480614894135,1062,1001
15353700,Female,White,Non-FRL,Non-ELL,7.395721608602045,4.174387269895637,1093,1010
53184395,Male,Black or African American,Non-FRL,Non-ELL,6.023247109665467,6.219626804360725,1051,1048
4601817,Male,Black or African American,Non-FRL,Non-ELL,7.239417758762837,2.0794415416798357,998,910
16347329,Female,His/Lat,FRL,ELL,6.16541785423142,2.6390573296152584,1139,1096
23042,Male,White,FRL,Non-ELL,7.169473550934583,5.700443573390687,988,1025
27946509,Female,Black or African American,Non-FRL,Non-ELL,6.655440350367647,5.976279583317749,1112,1224
1974439,Female,Black or African American,Non-FRL,Non-ELL,6.053139767180847,5.923271826245411,1140,1021
26035659,Female,White,FRL,Non-ELL,6.328829242512215,3.713572066704308,1052,1021
87151336,Female,White,Non-FRL,Non-ELL,6.677083461247136,2.302585092994046,1260,1281
39931350,Female,His/Lat,FRL,Non-ELL,6.577861357721047,2.0794415416798357,868,789
99665935,Female,White,Non-FRL,Non-ELL,4.097924439324087,6.1814864904365106,981,886
14788125,Male,White,FRL,Non-ELL,6.23539063760472,4.103390284738988,902,855
46450931,Female,His/Lat,Non-FRL,Non-ELL,4.634543532859748,6.1292237349392185,901,929
56347502,Male,White,Non-FRL,Non-ELL,7.691656822810547,3.6375861597263857,1289,1037
27946509,Male,Black or African American,Non-FRL,Non-ELL,4.709530201312334,3.044522437723423,1121,1224
85646296,Male,His/Lat,Non-FRL,Non-ELL,6.64703965476017,2.5649493574615367,964,1005
1395363,Male,White,Non-FRL,Non-ELL,6.7381524945959574,4.969813299576001,1132,1086
90733404,Male,His/Lat,FRL,Non-ELL,6.139284430259861,3.8918202981106265,1103,1131
7993,Female,Black or African American,FRL,Non-ELL,6.323324564721523,6.516193076042964,1076,1189
19901540,Female,His/Lat,Non-FRL,ELL,6.760758547510086,5.810201778144424,1222,1191
16445680,Male,His/Lat,FRL,Non-ELL,6.245137303457015,3.258096538021482,922,986
88647112,Male,His/Lat,Non-FRL,Non-ELL,6.558197802812269,2.9444389791664403,961,968
81753625,Male,White,FRL,Non-ELL,5.622845109663115,4.8990815615917604,1010,792
35504,Male,White,Non-FRL,Non-ELL,7.091675331129396,2.3978952727983707,988,1019
39650,Male,White,Non-FRL,Non-ELL,7.046219181916858,2.772588722239781,1044,1001
69755252,Female,White,FRL,Non-ELL,6.739336627357174,4.476016670543696,922,871
97874,Male,Asian,FRL,Non-ELL,7.104033021103086,3.258096538021482,1095,1108
66083194,Male,White,Non-FRL,Non-ELL,6.4236527253569,2.995732273553991,950,814
52010955,Male,White,Non-FRL,Non-ELL,5.107459478731796,6.375161092047487,936,967
67442258,Male,White,Non-FRL,Non-ELL,5.246332765949969,5.8838512666601055,922,939
63779914,Male,His/Lat,FRL,Non-ELL,5.017279836814924,3.1780538303479458,853,856
29361361,Female,His/Lat,FRL,ELL,4.770932868011114,5.7361987546741915,1078,978
72196362,Male,Asian,Non-FRL,Non-ELL,6.25718854595731,3.345799464482453,771,726
87927315,Female,Black or African American,Non-FRL,Non-ELL,5.4432843640171775,6.53813982376767,964,968
92161186,Female,White,FRL,Non-ELL,7.019642573471867,3.1780538303479458,1112,1005
92513951,Female,His/Lat,FRL,Non-ELL,6.5722825426940075,3.295836866004329,1103,1145
88575,Male,White,Non-FRL,Non-ELL,7.305188215393037,4.532599493153256,1143,1046
56827493,Male,White,Non-FRL,Non-ELL,6.3569753397091135,5.15526524673181,995,990
41645789,Male,His/Lat,FRL,Non-ELL,6.450075399425233,3.713572066704308,1093,1173
60121,Male,Black or African American,FRL,Non-ELL,6.585389988891211,6.52795791762255,1004,1037
42550097,Female,Black or African American,Non-FRL,Non-ELL,6.16541785423142,3.8238117755608974,915,938
56348,Female,White,Non-FRL,Non-ELL,7.045363274807152,5.529429087511423,1068,1028
38737,Female,Black or African American,Non-FRL,Non-ELL,7.032018208470235,6.133398042996649,1093,1019
52914241,Male,His/Lat,FRL,Non-ELL,5.067330637772801,4.980168593497282,845,759
4632995,Female,His/Lat,Non-FRL,Non-ELL,6.656201310414515,3.7612001156935624,1181,1119
26533829,Male,White,FRL,Non-ELL,5.110421926430198,3.6109179126442243,889,890
44247345,Female,His/Lat,Non-FRL,Non-ELL,6.219595639933231,3.5263605246161616,922,967
78522000,Female,White,FRL,Non-ELL,6.352629396319567,3.6109179126442243,984,1075
44465584,Female,White,Non-FRL,Non-ELL,4.770932868011114,5.638530015880145,848,891
54739257,Male,White,Non-FRL,Non-ELL,5.77221963620943,2.9444389791664403,1068,1107
17635394,Male,His/Lat,Non-FRL,Non-ELL,6.955592608396297,3.8918202981106265,1060,976
83013259,Male,White,Non-FRL,Non-ELL,6.0986359221697715,2.70805020110221,1054,1076
